generation,checkpoint_id,cid_min___b_score_vector,cid_max___b_score_vector,max_baseline_accuracy,min_baseline_accuracy,mean_baseline_accuracy,elites_mean_baseline_accuracy,cid_min_baseline_accuracy,cid_max_baseline_accuracy,max_in_distribution_accuracy,min_in_distribution_accuracy,mean_in_distribution_accuracy,elites_mean_in_distribution_accuracy,cid_min_in_distribution_accuracy,cid_max_in_distribution_accuracy,max_out_of_distribution_accuracy,min_out_of_distribution_accuracy,mean_out_of_distribution_accuracy,elites_mean_out_of_distribution_accuracy,cid_min_out_of_distribution_accuracy,cid_max_out_of_distribution_accuracy,max_score,min_score,mean_score,elites_mean_score,cid_min_score,cid_max_score
1,uci_wine_test/1/20251119-034641,nan,nan,0.6460674157303371,0.07303370786516854,0.3337640449438202,0.3629213483146067,1_83,1_96,0.8285714285714286,0.0,0.34942857142857137,0.7971428571428572,1_83,1_98,0.6153846153846154,0.09090909090909091,0.32993006993007,0.25664335664335663,1_83,1_96,0.9612675905227661,0.0035211266949772835,0.3523239430785179,0.8566901385784149,1_2,1_96
2,uci_wine_test/2/20251119-034644,nan,nan,0.6460674157303371,0.24157303370786518,0.3687640449438202,0.42078651685393265,2_41,1_96,0.8571428571428571,0.05714285714285714,0.7271428571428571,0.78,2_50,2_99,0.6153846153846154,0.1258741258741259,0.281048951048951,0.33286713286713293,2_41,1_96,0.9612675905227661,0.0035211266949772835,0.7818309840280563,0.8862676024436951,2_50,1_96
3,uci_wine_test/3/20251119-034647,nan,nan,0.6460674157303371,0.2696629213483146,0.41275280898876404,0.48876404494382025,3_13,1_96,0.8,0.05714285714285714,0.7017142857142855,0.7571428571428571,3_13,1_70,0.6153846153846154,0.21678321678321677,0.34202797202797197,0.4230769230769231,1_70,1_96,0.9612675905227661,0.0035211266949772835,0.7812676025088876,0.923591548204422,3_13,1_96
4,uci_wine_test/4/20251119-034651,nan,nan,0.6629213483146067,0.25280898876404495,0.5325842696629213,0.647752808988764,4_53,4_72,0.8,0.05714285714285714,0.7182857142857142,0.7742857142857142,4_53,2_23,0.6293706293706294,0.21678321678321677,0.48713286713286696,0.6167832167832168,2_23,4_72,0.9683098793029785,0.1232394352555275,0.8603168945759535,0.9619718194007874,4_53,4_72
5,uci_wine_test/5/20251119-034654,nan,nan,0.6629213483146067,0.2696629213483146,0.593820224719101,0.646067415730337,5_52,4_72,0.8,0.05714285714285714,0.7240000000000001,0.7771428571428572,5_52,4_72,0.6293706293706294,0.21678321678321677,0.5619580419580419,0.613986013986014,5_12,4_72,0.9683098793029785,0.0035211266949772835,0.8844718232471496,0.9630281627178192,5_52,4_72
6,uci_wine_test/6/20251119-034657,nan,nan,0.6629213483146067,0.2696629213483146,0.5582022471910111,0.649438202247191,6_87,4_72,0.8285714285714286,0.05714285714285714,0.6857142857142857,0.7771428571428572,6_87,6_40,0.6293706293706294,0.21678321678321677,0.5269930069930069,0.6181818181818182,6_13,4_72,0.9683098793029785,0.0035211266949772835,0.8299295714218169,0.9626760482788086,6_87,4_72
7,uci_wine_test/7/20251119-034659,nan,nan,0.6629213483146067,0.33146067415730335,0.5990449438202247,0.6578651685393258,7_16,4_72,0.8,0.11428571428571428,0.7425714285714287,0.7971428571428572,7_13,4_72,0.6293706293706294,0.21678321678321677,0.5639160839160838,0.6237762237762238,7_16,4_72,0.9683098793029785,0.13380281627178192,0.9101056301593781,0.9679577648639679,7_13,4_72
8,uci_wine_test/8/20251119-034702,nan,nan,0.6629213483146067,0.33146067415730335,0.6124157303370784,0.6629213483146066,8_25,4_72,0.8571428571428571,0.14285714285714285,0.7359999999999998,0.8,8_53,8_32,0.6293706293706294,0.21678321678321677,0.5821678321678321,0.6293706293706294,8_25,4_72,0.9683098793029785,0.07042253762483597,0.8897887433320284,0.9683098793029785,8_76,4_72
9,uci_wine_test/9/20251119-034704,nan,nan,0.6629213483146067,0.33146067415730335,0.6147752808988762,0.6629213483146066,9_16,4_72,0.8285714285714286,0.11428571428571428,0.7482857142857141,0.8,9_94,9_100,0.6293706293706294,0.21678321678321677,0.5820979020979019,0.6293706293706294,9_16,4_72,0.9683098793029785,0.13380281627178192,0.9017253659665585,0.9683098793029785,9_94,4_72
10,uci_wine_test/10/20251119-034706,nan,nan,0.6685393258426966,0.2696629213483146,0.600449438202247,0.6629213483146066,10_14,10_69,0.8,0.05714285714285714,0.7285714285714284,0.8,10_14,4_72,0.6363636363636364,0.21678321678321677,0.569090909090909,0.6293706293706294,10_11,10_69,0.9683098793029785,0.0035211266949772835,0.8760563511867077,0.9683098793029785,10_14,4_72
11,uci_wine_test/11/20251119-034709,nan,nan,0.6629213483146067,0.33146067415730335,0.6092696629213481,0.6629213483146066,11_27,4_72,0.8,0.11428571428571428,0.7545714285714284,0.8,11_36,4_72,0.6293706293706294,0.21678321678321677,0.5737062937062934,0.6293706293706294,11_27,4_72,0.9683098793029785,0.13380281627178192,0.9082746624946594,0.9683098793029785,11_36,4_72
12,uci_wine_test/12/20251119-034712,nan,nan,0.6629213483146067,0.25280898876404495,0.6165168539325842,0.6629213483146066,12_42,4_72,0.8285714285714286,0.05714285714285714,0.7465714285714284,0.8,12_42,12_97,0.6293706293706294,0.21678321678321677,0.5846853146853145,0.6293706293706294,12_15,4_72,0.9683098793029785,0.0035211266949772835,0.8995774800796061,0.9683098793029785,12_42,4_72
13,uci_wine_test/13/20251119-034714,nan,nan,0.6629213483146067,0.33146067415730335,0.6217415730337077,0.6629213483146066,13_19,4_72,0.8,0.11428571428571428,0.7468571428571429,0.8,13_24,4_72,0.6293706293706294,0.21678321678321677,0.5911188811188809,0.6293706293706294,13_19,4_72,0.9683098793029785,0.13380281627178192,0.9001056487858295,0.9683098793029785,13_24,4_72
14,uci_wine_test/14/20251119-034717,nan,nan,0.6685393258426966,0.33146067415730335,0.6167415730337076,0.6629213483146066,14_65,14_52,0.8285714285714286,0.11428571428571428,0.746,0.8,14_20,14_27,0.6363636363636364,0.21678321678321677,0.5851048951048949,0.6293706293706294,14_65,14_52,0.9683098793029785,0.13380281627178192,0.8973239573836327,0.9683098793029785,14_20,4_72
15,uci_wine_test/15/20251119-034719,nan,nan,0.6797752808988764,0.33146067415730335,0.6117415730337076,0.6646067415730336,15_15,15_88,0.8571428571428571,0.11428571428571428,0.7291428571428571,0.8057142857142857,15_12,15_88,0.6363636363636364,0.21678321678321677,0.5830069930069929,0.6300699300699301,15_15,15_88,0.9718309640884399,0.13380281627178192,0.8820774778723717,0.9686619877815247,15_12,15_88
16,uci_wine_test/16/20251119-034722,nan,nan,0.6797752808988764,0.33146067415730335,0.6151123595505615,0.6662921348314607,16_12,15_88,0.9142857142857143,0.14285714285714285,0.7505714285714284,0.8114285714285714,16_76,16_14,0.6363636363636364,0.21678321678321677,0.5819580419580418,0.6307692307692307,16_12,15_88,0.9718309640884399,0.15140844881534576,0.8994366312026978,0.9690140962600708,16_76,15_88
17,uci_wine_test/17/20251119-034725,nan,nan,0.6797752808988764,0.33146067415730335,0.621516853932584,0.6662921348314607,17_16,15_88,0.8571428571428571,0.11428571428571428,0.7399999999999999,0.8114285714285714,17_27,15_88,0.6363636363636364,0.21678321678321677,0.5925174825174824,0.6307692307692307,17_16,15_88,0.9718309640884399,0.13380281627178192,0.8956338137388229,0.9690140962600708,17_27,15_88
18,uci_wine_test/18/20251119-034727,nan,nan,0.6797752808988764,0.2696629213483146,0.6199999999999998,0.6662921348314607,18_55,15_88,0.8571428571428571,0.05714285714285714,0.7568571428571427,0.8114285714285714,18_55,15_88,0.6363636363636364,0.21678321678321677,0.5865034965034963,0.6307692307692307,18_40,15_88,0.9718309640884399,0.0035211266949772835,0.9045774733740837,0.9690140962600708,18_55,15_88
19,uci_wine_test/19/20251119-034730,nan,nan,0.6797752808988764,0.2696629213483146,0.6075842696629212,0.6780898876404494,19_80,15_88,0.8857142857142857,0.05714285714285714,0.7599999999999999,0.8514285714285712,19_80,19_11,0.6433566433566433,0.21678321678321677,0.5702797202797203,0.6356643356643357,19_31,19_23,0.9718309640884399,0.0035211266949772835,0.9040845112223178,0.9714788556098938,19_80,15_88
20,uci_wine_test/20/20251119-034732,nan,nan,0.6797752808988764,0.33146067415730335,0.6045505617977527,0.6730337078651687,20_18,15_88,0.8571428571428571,0.11428571428571428,0.7802857142857144,0.8571428571428571,20_55,15_88,0.6363636363636364,0.21678321678321677,0.5615384615384615,0.627972027972028,20_18,15_88,0.9718309640884399,0.1267605572938919,0.8984859013557434,0.9718309640884399,20_55,15_88
21,uci_wine_test/21/20251119-034734,nan,nan,0.6797752808988764,0.2696629213483146,0.6084269662921348,0.6797752808988765,21_66,15_88,0.8571428571428571,0.05714285714285714,0.7659999999999999,0.8571428571428571,21_66,15_88,0.6363636363636364,0.21678321678321677,0.5698601398601398,0.6363636363636365,21_11,15_88,0.9718309640884399,0.0035211266949772835,0.8954225215036422,0.9718309640884399,21_66,15_88
22,uci_wine_test/22/20251119-034737,nan,nan,0.6797752808988764,0.3146067415730337,0.6142696629213483,0.6730337078651687,22_88,15_88,0.8571428571428571,0.11428571428571428,0.7822857142857143,0.8571428571428571,22_88,15_88,0.6363636363636364,0.21678321678321677,0.5731468531468531,0.627972027972028,22_15,15_88,0.9718309640884399,0.1267605572938919,0.8952816745638847,0.9718309640884399,22_88,15_88
23,uci_wine_test/23/20251119-034739,nan,nan,0.6797752808988764,0.33146067415730335,0.6285955056179775,0.6797752808988765,23_26,15_88,0.8571428571428571,0.11428571428571428,0.7837142857142858,0.8571428571428571,23_15,15_88,0.6363636363636364,0.21678321678321677,0.5906293706293705,0.6363636363636365,23_26,15_88,0.9718309640884399,0.1267605572938919,0.9047535061836243,0.9718309640884399,23_15,15_88
24,uci_wine_test/24/20251119-034742,nan,nan,0.6797752808988764,0.33146067415730335,0.6501685393258427,0.6797752808988765,24_21,15_88,0.8571428571428571,0.11428571428571428,0.8185714285714286,0.8571428571428571,24_48,15_88,0.6363636363636364,0.21678321678321677,0.6089510489510489,0.6363636363636365,24_21,15_88,0.9718309640884399,0.1267605572938919,0.9337323759496212,0.9718309640884399,24_48,15_88
25,uci_wine_test/25/20251119-034745,nan,nan,0.6797752808988764,0.33146067415730335,0.6279775280898876,0.6797752808988765,25_14,15_88,0.8571428571428571,0.11428571428571428,0.7962857142857144,0.8571428571428571,25_66,15_88,0.6363636363636364,0.21678321678321677,0.5867832167832168,0.6363636363636365,25_14,15_88,0.9718309640884399,0.1267605572938919,0.9162675897777081,0.9718309640884399,25_66,15_88
26,uci_wine_test/26/20251119-034747,nan,nan,0.6797752808988764,0.33146067415730335,0.6217415730337078,0.6797752808988765,26_14,15_88,0.8571428571428571,0.14285714285714285,0.8002857142857144,0.8571428571428571,26_13,15_88,0.6433566433566433,0.21678321678321677,0.578041958041958,0.6363636363636365,26_14,26_61,0.9718309640884399,0.15140844881534576,0.9199295629560947,0.9718309640884399,26_13,15_88
27,uci_wine_test/27/20251119-034750,nan,nan,0.6797752808988764,0.33146067415730335,0.6220786516853932,0.6797752808988765,27_17,15_88,0.8571428571428571,0.11428571428571428,0.8094285714285715,0.8571428571428571,27_43,15_88,0.6363636363636364,0.21678321678321677,0.5762237762237762,0.6363636363636365,27_17,15_88,0.9718309640884399,0.1267605572938919,0.9214436464011669,0.9718309640884399,27_43,15_88
28,uci_wine_test/28/20251119-034753,nan,nan,0.6797752808988764,0.33146067415730335,0.6288202247191012,0.6797752808988765,28_25,15_88,0.8571428571428571,0.11428571428571428,0.8131428571428571,0.8571428571428571,28_56,15_88,0.6363636363636364,0.21678321678321677,0.5837062937062938,0.6363636363636365,28_25,15_88,0.9718309640884399,0.1267605572938919,0.9167605449259281,0.9718309640884399,28_56,15_88
29,uci_wine_test/29/20251119-034756,nan,nan,0.6797752808988764,0.2696629213483146,0.6306179775280899,0.6797752808988765,29_70,15_88,0.8571428571428571,0.05714285714285714,0.7725714285714287,0.8571428571428571,29_70,15_88,0.6363636363636364,0.21678321678321677,0.5958741258741258,0.6363636363636365,29_19,15_88,0.9718309640884399,0.0035211266949772835,0.892359140040353,0.9718309640884399,29_70,15_88
30,uci_wine_test/30/20251119-034758,nan,nan,0.6797752808988764,0.2696629213483146,0.6298876404494382,0.6797752808988765,30_58,15_88,0.8571428571428571,0.05714285714285714,0.7822857142857143,0.8571428571428571,30_58,15_88,0.6363636363636364,0.21678321678321677,0.5925874125874127,0.6363636363636365,30_24,15_88,0.9718309640884399,0.0035211266949772835,0.8970774483401328,0.9718309640884399,30_58,15_88
31,uci_wine_test/31/20251119-034801,nan,nan,0.6797752808988764,0.2696629213483146,0.623314606741573,0.6797752808988765,31_19,15_88,0.8571428571428571,0.05714285714285714,0.7954285714285713,0.8571428571428571,31_19,15_88,0.6363636363636364,0.21678321678321677,0.5811888111888112,0.6363636363636365,31_21,15_88,0.9718309640884399,0.0035211266949772835,0.9021830814797431,0.9718309640884399,31_19,15_88
32,uci_wine_test/32/20251119-034803,nan,nan,0.6797752808988764,0.33146067415730335,0.6309550561797753,0.6797752808988765,32_23,15_88,0.8571428571428571,0.11428571428571428,0.8345714285714285,0.8571428571428571,32_48,15_88,0.6363636363636364,0.21678321678321677,0.5811188811188813,0.6363636363636365,32_23,15_88,0.9718309640884399,0.1267605572938919,0.9395070233941079,0.9718309640884399,32_48,15_88
33,uci_wine_test/33/20251119-034805,nan,nan,0.6797752808988764,0.2696629213483146,0.6273033707865168,0.6797752808988765,33_79,15_88,0.8571428571428571,0.05714285714285714,0.8120000000000002,0.8571428571428571,33_79,15_88,0.6363636363636364,0.21678321678321677,0.582097902097902,0.6363636363636365,33_14,15_88,0.9718309640884399,0.0035211266949772835,0.9271478724200278,0.9718309640884399,33_79,15_88
34,uci_wine_test/34/20251119-034808,nan,nan,0.6910112359550562,0.2696629213483146,0.6408426966292134,0.6797752808988765,34_56,34_63,0.8571428571428571,0.05714285714285714,0.8111428571428573,0.8571428571428571,34_56,15_88,0.6503496503496503,0.21678321678321677,0.5991608391608391,0.6363636363636365,34_14,34_63,0.9718309640884399,0.0035211266949772835,0.9289084338862449,0.9718309640884399,34_56,15_88
35,uci_wine_test/35/20251119-034810,nan,nan,0.6797752808988764,0.33146067415730335,0.6299438202247191,0.6797752808988765,35_16,15_88,0.8571428571428571,0.11428571428571428,0.7965714285714287,0.8571428571428571,35_26,15_88,0.6363636363636364,0.21678321678321677,0.5891608391608391,0.6363636363636365,35_16,15_88,0.9718309640884399,0.1267605572938919,0.9098591376841069,0.9718309640884399,35_26,15_88
36,uci_wine_test/36/20251119-034813,nan,nan,0.6797752808988764,0.33146067415730335,0.6340449438202247,0.6797752808988765,36_25,15_88,0.8571428571428571,0.14285714285714285,0.8165714285714287,0.8571428571428571,36_49,15_88,0.6363636363636364,0.21678321678321677,0.5893706293706293,0.6363636363636365,36_25,15_88,0.9718309640884399,0.15140844881534576,0.9311267438530922,0.9718309640884399,36_49,15_88
37,uci_wine_test/37/20251119-034815,nan,nan,0.6797752808988764,0.33146067415730335,0.6087640449438202,0.6797752808988765,37_17,15_88,0.9142857142857143,0.11428571428571428,0.7885714285714286,0.8571428571428571,37_11,37_60,0.6363636363636364,0.21678321678321677,0.5647552447552446,0.6363636363636365,37_17,15_88,0.9718309640884399,0.1267605572938919,0.8995070268213748,0.9718309640884399,37_11,15_88
38,uci_wine_test/38/20251119-034818,nan,nan,0.6797752808988764,0.33146067415730335,0.6021910112359551,0.6797752808988765,38_18,15_88,0.8571428571428571,0.11428571428571428,0.8122857142857143,0.8571428571428571,38_15,15_88,0.6363636363636364,0.21678321678321677,0.5507692307692308,0.6363636363636365,38_18,15_88,0.9718309640884399,0.1267605572938919,0.9166197024285794,0.9718309640884399,38_15,15_88
39,uci_wine_test/39/20251119-034820,nan,nan,0.6797752808988764,0.33146067415730335,0.6170224719101123,0.6797752808988765,39_11,15_88,0.8571428571428571,0.11428571428571428,0.8085714285714287,0.8571428571428571,39_70,15_88,0.6363636363636364,0.21678321678321677,0.5701398601398601,0.6363636363636365,39_11,15_88,0.9718309640884399,0.1267605572938919,0.919683082550764,0.9718309640884399,39_70,15_88
40,uci_wine_test/40/20251119-034823,nan,nan,0.6797752808988764,0.33146067415730335,0.6223595505617978,0.6797752808988765,40_26,15_88,0.8571428571428571,0.11428571428571428,0.8014285714285714,0.8571428571428571,40_51,15_88,0.6363636363636364,0.21678321678321677,0.5785314685314686,0.6363636363636365,40_26,15_88,0.9718309640884399,0.1267605572938919,0.9140492796897888,0.9718309640884399,40_51,15_88
41,uci_wine_test/41/20251119-034826,nan,nan,0.6797752808988764,0.33146067415730335,0.6334269662921349,0.6797752808988765,41_22,15_88,0.8571428571428571,0.14285714285714285,0.797142857142857,0.8571428571428571,41_18,15_88,0.6363636363636364,0.21678321678321677,0.5933566433566434,0.6363636363636365,41_22,15_88,0.9718309640884399,0.15140844881534576,0.9139788568019866,0.9718309640884399,41_18,15_88
42,uci_wine_test/42/20251119-034828,nan,nan,0.6797752808988764,0.33146067415730335,0.6207865168539325,0.6797752808988765,42_21,15_88,0.9142857142857143,0.11428571428571428,0.8114285714285715,0.8571428571428571,42_70,42_93,0.6363636363636364,0.21678321678321677,0.574125874125874,0.6363636363636365,42_21,15_88,0.9718309640884399,0.1267605572938919,0.925140829384327,0.9718309640884399,42_70,15_88
43,uci_wine_test/43/20251119-034831,nan,nan,0.6797752808988764,0.33146067415730335,0.6317415730337078,0.6797752808988765,43_17,15_88,0.8571428571428571,0.11428571428571428,0.8157142857142857,0.8571428571428571,43_71,15_88,0.6363636363636364,0.21678321678321677,0.5867132867132867,0.6363636363636365,43_17,15_88,0.9718309640884399,0.1267605572938919,0.9213380102813243,0.9718309640884399,43_71,15_88
44,uci_wine_test/44/20251119-034833,nan,nan,0.6797752808988764,0.2696629213483146,0.6378651685393258,0.6735955056179777,44_97,15_88,0.8571428571428571,0.05714285714285714,0.8245714285714287,0.8514285714285714,44_97,15_88,0.6363636363636364,0.21678321678321677,0.5921678321678321,0.6300699300699301,44_14,15_88,0.9788732528686523,0.0035211266949772835,0.9416549126524478,0.9725351929664612,44_97,44_85
45,uci_wine_test/45/20251119-034836,nan,nan,0.6797752808988764,0.33146067415730335,0.6395505617977527,0.6713483146067416,45_16,15_88,0.8571428571428571,0.11428571428571428,0.8208571428571428,0.8457142857142855,45_38,15_88,0.6363636363636364,0.21678321678321677,0.5951748251748251,0.6286713286713288,45_16,15_88,0.9788732528686523,0.1267605572938919,0.9347535042464733,0.9732394218444824,45_38,44_85
46,uci_wine_test/46/20251119-034839,nan,nan,0.6797752808988764,0.33146067415730335,0.6234269662921348,0.6713483146067416,46_15,44_25,0.8857142857142857,0.11428571428571428,0.7765714285714286,0.8457142857142855,46_26,46_95,0.6363636363636364,0.21678321678321677,0.5859440559440559,0.6286713286713287,46_15,44_25,0.9788732528686523,0.1267605572938919,0.9024295638501644,0.9732394218444824,46_26,44_85
47,uci_wine_test/47/20251119-034843,nan,nan,0.6797752808988764,0.33146067415730335,0.6271348314606741,0.6617977528089887,47_28,45_21,0.8571428571428571,0.14285714285714285,0.8051428571428574,0.8057142857142857,47_33,45_21,0.6363636363636364,0.21678321678321677,0.5835664335664336,0.6265734265734265,47_28,45_21,0.9788732528686523,0.15140844881534576,0.9379577352106572,0.9781690239906311,47_33,44_85
48,uci_wine_test/48/20251119-034846,nan,nan,0.6797752808988764,0.33146067415730335,0.6012921348314605,0.6584269662921349,48_11,47_16,0.8571428571428571,0.11428571428571428,0.7645714285714286,0.8,48_38,47_16,0.6363636363636364,0.21678321678321677,0.5613286713286713,0.6237762237762239,48_11,47_16,0.9788732528686523,0.13380281627178192,0.9169014130532741,0.9788732528686523,48_38,44_85
49,uci_wine_test/49/20251119-034853,nan,nan,0.6797752808988764,0.33146067415730335,0.6204494382022471,0.6584269662921349,49_27,49_29,0.8571428571428571,0.11428571428571428,0.752,0.8,49_55,49_28,0.6363636363636364,0.21678321678321677,0.5882517482517481,0.6237762237762239,49_27,49_29,0.9788732528686523,0.13380281627178192,0.9213380339741707,0.9788732528686523,49_55,44_85
50,uci_wine_test/50/20251119-034856,nan,nan,0.6797752808988764,0.33146067415730335,0.601629213483146,0.6595505617977528,50_11,50_56,0.8571428571428571,0.11428571428571428,0.7748571428571427,0.8,50_32,50_56,0.6363636363636364,0.21678321678321677,0.5592307692307693,0.6251748251748251,50_11,50_56,0.9788732528686523,0.13380281627178192,0.9323591622710228,0.9788732528686523,50_32,44_85
51,uci_wine_test/51/20251119-034858,nan,nan,0.6797752808988764,0.33146067415730335,0.6235955056179774,0.6584269662921349,51_19,51_33,0.8571428571428571,0.11428571428571428,0.7614285714285713,0.8,51_28,51_33,0.6363636363636364,0.21678321678321677,0.5898601398601397,0.6237762237762239,51_19,51_33,0.9788732528686523,0.13380281627178192,0.9415493021905422,0.9788732528686523,51_28,44_85
52,uci_wine_test/52/20251119-034902,nan,nan,0.6797752808988764,0.33146067415730335,0.6030337078651684,0.6589887640449439,52_11,52_39,0.8571428571428571,0.22857142857142856,0.7811428571428571,0.8,52_20,52_39,0.6363636363636364,0.21678321678321677,0.5594405594405594,0.6244755244755245,52_11,52_39,0.9788732528686523,0.6514084339141846,0.9440845119953155,0.9788732528686523,52_20,44_85
53,uci_wine_test/53/20251119-034905,nan,nan,0.6797752808988764,0.33146067415730335,0.6140449438202247,0.6589887640449439,53_12,53_15,0.8571428571428571,0.11428571428571428,0.7748571428571428,0.8,53_46,53_15,0.6363636363636364,0.21678321678321677,0.5746853146853146,0.6244755244755245,53_12,53_15,0.9788732528686523,0.13380281627178192,0.9386971889436245,0.9788732528686523,53_46,44_85
54,uci_wine_test/54/20251119-034908,nan,nan,0.6797752808988764,0.33146067415730335,0.6091573033707864,0.6589887640449439,54_18,54_14,0.8571428571428571,0.11428571428571428,0.7648571428571428,0.8,54_33,54_14,0.6363636363636364,0.21678321678321677,0.5710489510489509,0.6244755244755245,54_18,54_14,0.9788732528686523,0.13380281627178192,0.9269366271793842,0.9788732528686523,54_33,44_85
55,uci_wine_test/55/20251119-034911,nan,nan,0.6797752808988764,0.2696629213483146,0.5916853932584268,0.6595505617977528,55_53,55_20,0.8571428571428571,0.05714285714285714,0.7108571428571427,0.8,55_53,55_20,0.6363636363636364,0.21678321678321677,0.5625174825174825,0.6251748251748251,55_12,55_20,0.9788732528686523,0.0035211266949772835,0.8611267672199756,0.9788732528686523,55_53,44_85
56,uci_wine_test/56/20251119-034914,nan,nan,0.6797752808988764,0.33146067415730335,0.6196067415730336,0.6595505617977528,56_48,56_43,0.8571428571428571,0.14285714285714285,0.7574285714285713,0.8,56_53,56_12,0.6363636363636364,0.21678321678321677,0.5858741258741258,0.6251748251748251,56_48,56_43,0.9788732528686523,0.15140844881534576,0.9301056399941444,0.9788732528686523,56_53,44_85
57,uci_wine_test/57/20251119-034919,nan,nan,0.6797752808988764,0.33146067415730335,0.6249999999999999,0.6612359550561797,57_11,57_36,0.8571428571428571,0.14285714285714285,0.7651428571428572,0.8,57_83,57_17,0.6363636363636364,0.21678321678321677,0.5906993006993005,0.6272727272727272,57_11,57_36,0.9788732528686523,0.15140844881534576,0.9397183157503605,0.9788732528686523,57_83,44_85
58,uci_wine_test/58/20251119-034923,nan,nan,0.6797752808988764,0.2696629213483146,0.6053370786516852,0.6595505617977528,58_66,58_20,0.8571428571428571,0.05714285714285714,0.7557142857142857,0.8,58_66,58_20,0.6363636363636364,0.21678321678321677,0.5685314685314684,0.6251748251748251,58_26,58_20,0.9788732528686523,0.0035211266949772835,0.9092605688609183,0.9788732528686523,58_66,44_85
59,uci_wine_test/59/20251119-034926,nan,nan,0.6797752808988764,0.33146067415730335,0.6261235955056178,0.6483146067415729,59_16,59_15,0.8857142857142857,0.11428571428571428,0.7679999999999998,0.8057142857142857,59_33,59_51,0.6363636363636364,0.21678321678321677,0.5913986013986012,0.6097902097902097,59_16,59_15,0.9788732528686523,0.13380281627178192,0.9354225443303585,0.9788732528686523,59_33,44_85
60,uci_wine_test/60/20251119-034931,nan,nan,0.6797752808988764,0.2696629213483146,0.612696629213483,0.6612359550561797,60_40,60_38,0.8571428571428571,0.05714285714285714,0.7502857142857141,0.8,60_40,59_24,0.6363636363636364,0.21678321678321677,0.5790209790209788,0.6272727272727272,60_14,60_38,0.9788732528686523,0.0035211266949772835,0.9220070488471538,0.9788732528686523,60_40,44_85
61,uci_wine_test/61/20251119-034935,nan,nan,0.797752808988764,0.33146067415730335,0.6278651685393257,0.6589887640449439,61_17,61_45,0.8571428571428571,0.11428571428571428,0.7508571428571428,0.8,61_13,61_11,0.7972027972027972,0.21678321678321677,0.5977622377622376,0.6244755244755245,61_17,61_45,0.9788732528686523,0.13380281627178192,0.920035218000412,0.9788732528686523,61_13,44_85
62,uci_wine_test/62/20251119-034938,nan,nan,0.6797752808988764,0.33146067415730335,0.6100561797752807,0.6601123595505618,62_24,62_21,0.8571428571428571,0.11428571428571428,0.7517142857142854,0.8,62_33,62_21,0.6363636363636364,0.21678321678321677,0.5753846153846154,0.6258741258741258,62_24,62_21,0.9788732528686523,0.13380281627178192,0.9150000071525574,0.9788732528686523,62_33,44_85
63,uci_wine_test/63/20251119-034941,nan,nan,0.6741573033707865,0.33146067415730335,0.6157865168539325,0.6595505617977528,63_30,63_17,0.8857142857142857,0.11428571428571428,0.7254285714285714,0.8,63_39,63_75,0.6293706293706294,0.21678321678321677,0.5889510489510489,0.6251748251748251,63_30,62_43,0.9788732528686523,0.13380281627178192,0.8974295864999294,0.9788732528686523,63_39,44_85
64,uci_wine_test/64/20251119-034945,nan,nan,0.6797752808988764,0.33146067415730335,0.5947191011235954,0.6601123595505618,64_15,64_11,0.8571428571428571,0.11428571428571428,0.7274285714285714,0.8,64_91,64_11,0.6363636363636364,0.21678321678321677,0.5622377622377622,0.6258741258741258,64_15,64_11,0.9788732528686523,0.13380281627178192,0.8840140910446643,0.9788732528686523,64_91,44_85
65,uci_wine_test/65/20251119-034949,nan,nan,0.6797752808988764,0.33146067415730335,0.6289325842696628,0.6584269662921349,65_15,65_51,0.8857142857142857,0.11428571428571428,0.7662857142857142,0.8,65_25,65_18,0.6363636363636364,0.21678321678321677,0.5953146853146852,0.6237762237762239,65_15,65_51,0.9788732528686523,0.13380281627178192,0.9350704295933246,0.9788732528686523,65_25,44_85
66,uci_wine_test/66/20251119-034952,nan,nan,0.6797752808988764,0.2696629213483146,0.6403932584269661,0.657865168539326,66_70,66_29,0.8571428571428571,0.05714285714285714,0.7757142857142857,0.8,66_70,66_17,0.6363636363636364,0.21678321678321677,0.6072727272727271,0.6230769230769232,66_61,66_29,0.9788732528686523,0.0035211266949772835,0.9452112765330821,0.9788732528686523,66_70,44_85
67,uci_wine_test/67/20251119-034955,nan,nan,0.6629213483146067,0.33146067415730335,0.6102247191011234,0.6578651685393259,67_17,66_26,0.8285714285714286,0.11428571428571428,0.7379999999999999,0.8,67_49,67_24,0.6293706293706294,0.21678321678321677,0.5789510489510488,0.6230769230769231,67_17,66_26,0.9788732528686523,0.13380281627178192,0.9190493039786816,0.9788732528686523,67_49,44_85
68,uci_wine_test/68/20251119-034958,nan,nan,0.6797752808988764,0.2752808988764045,0.5982022471910111,0.6584269662921349,68_16,68_31,0.8857142857142857,0.05714285714285714,0.706,0.8,68_16,68_71,0.6363636363636364,0.21678321678321677,0.5718181818181818,0.6237762237762239,68_14,68_31,0.9788732528686523,0.0035211266949772835,0.8880985967535525,0.9788732528686523,68_16,44_85
69,uci_wine_test/69/20251119-035001,nan,nan,0.6797752808988764,0.33146067415730335,0.626573033707865,0.6584269662921349,69_22,69_58,0.8571428571428571,0.11428571428571428,0.7854285714285713,0.8,69_25,69_16,0.6363636363636364,0.21678321678321677,0.5876923076923076,0.6237762237762239,69_22,69_58,0.9788732528686523,0.13380281627178192,0.9376408524811268,0.9788732528686523,69_25,44_85
70,uci_wine_test/70/20251119-035004,nan,nan,0.6797752808988764,0.33146067415730335,0.6131460674157302,0.6606741573033708,70_15,70_25,0.8571428571428571,0.22857142857142856,0.7628571428571428,0.8,70_14,70_25,0.6363636363636364,0.21678321678321677,0.5765034965034964,0.6265734265734265,70_15,70_25,0.9788732528686523,0.6514084339141846,0.9425000071525573,0.9788732528686523,70_14,44_85
71,uci_wine_test/71/20251119-035007,nan,nan,0.6853932584269663,0.33146067415730335,0.6045505617977526,0.6612359550561797,71_16,71_50,0.8571428571428571,0.11428571428571428,0.7082857142857142,0.8,71_46,71_25,0.6573426573426573,0.21678321678321677,0.579160839160839,0.6272727272727272,71_16,71_50,0.9788732528686523,0.13380281627178192,0.8876408517360688,0.9788732528686523,71_46,44_85
72,uci_wine_test/72/20251119-035011,nan,nan,0.6797752808988764,0.33146067415730335,0.6172471910112358,0.6606741573033708,72_15,72_29,0.8571428571428571,0.11428571428571428,0.7582857142857141,0.8,72_17,72_29,0.6363636363636364,0.21678321678321677,0.5827272727272725,0.6265734265734266,72_15,72_29,0.9788732528686523,0.13380281627178192,0.9275352193415165,0.9788732528686523,72_17,44_85
73,uci_wine_test/73/20251119-035014,nan,nan,0.6741573033707865,0.33146067415730335,0.6238202247191009,0.6556179775280898,73_16,73_58,0.9142857142857143,0.11428571428571428,0.7628571428571428,0.7742857142857142,73_19,73_11,0.6293706293706294,0.21678321678321677,0.5897902097902097,0.6265734265734266,73_16,72_33,0.9894366264343262,0.13380281627178192,0.9303873327374458,0.9799295902252197,73_19,73_38
74,uci_wine_test/74/20251119-035018,nan,nan,0.6797752808988764,0.2696629213483146,0.6089325842696628,0.65,74_12,74_43,0.9142857142857143,0.05714285714285714,0.7402857142857142,0.7485714285714286,74_12,74_62,0.6363636363636364,0.21678321678321677,0.5767832167832166,0.6258741258741258,74_20,74_43,0.9894366264343262,0.0035211266949772835,0.9042253602761775,0.9809859275817872,74_12,73_38
75,uci_wine_test/75/20251119-035022,nan,nan,0.6797752808988764,0.33146067415730335,0.6073033707865167,0.6499999999999999,75_30,75_55,0.8571428571428571,0.11428571428571428,0.6888571428571427,0.7485714285714286,75_11,75_55,0.6363636363636364,0.21678321678321677,0.5873426573426572,0.6258741258741258,75_30,75_55,0.9894366264343262,0.1267605572938919,0.8857746568322181,0.9809859275817872,75_11,73_38
76,uci_wine_test/76/20251119-035026,nan,nan,0.6797752808988764,0.2752808988764045,0.5984831460674157,0.6134831460674157,76_28,76_62,0.8571428571428571,0.05714285714285714,0.65,0.5714285714285714,76_28,76_44,0.6363636363636364,0.21678321678321677,0.5858741258741259,0.6237762237762239,76_58,76_62,0.9894366264343262,0.0035211266949772835,0.8975352178234607,0.9883802890777588,76_28,73_38
77,uci_wine_test/77/20251119-035029,nan,nan,0.6797752808988764,0.33146067415730335,0.5863483146067416,0.6089887640449438,77_52,77_29,0.9142857142857143,0.11428571428571428,0.5457142857142857,0.5485714285714286,77_25,77_54,0.6363636363636364,0.21678321678321677,0.5962937062937063,0.6237762237762239,77_52,77_29,0.9894366264343262,0.1267605572938919,0.8989084555208683,0.9894366264343262,77_44,73_38
78,uci_wine_test/78/20251119-035033,nan,nan,0.6797752808988764,0.33146067415730335,0.5934269662921349,0.6185393258426967,78_27,78_12,0.8571428571428571,0.11428571428571428,0.553142857142857,0.5914285714285714,78_23,78_12,0.6433566433566433,0.21678321678321677,0.6032867132867132,0.6251748251748253,78_27,78_91,0.9929577708244324,0.10211267322301865,0.9023591598123312,0.9897887408733368,78_90,78_91
79,uci_wine_test/79/20251119-035037,nan,nan,0.6741573033707865,0.2696629213483146,0.5808988764044944,0.6224719101123595,79_59,78_91,0.9142857142857143,0.05714285714285714,0.5394285714285714,0.6,79_59,79_77,0.6433566433566433,0.21678321678321677,0.5910489510489509,0.627972027972028,79_63,78_91,0.9929577708244324,0.0035211266949772835,0.8571126815397292,0.9901408553123474,79_59,78_91
80,uci_wine_test/80/20251119-035042,nan,nan,0.6853932584269663,0.1797752808988764,0.5715168539325843,0.6629213483146067,80_39,80_83,0.8571428571428571,0.05714285714285714,0.5165714285714285,0.78,80_39,80_19,0.6433566433566433,0.2097902097902098,0.5849650349650349,0.6342657342657343,80_39,78_91,0.9929577708244324,0.0035211266949772835,0.8197183166164905,0.9926056563854218,80_39,78_91
81,uci_wine_test/81/20251119-035046,nan,nan,0.6797752808988764,0.2696629213483146,0.6001685393258426,0.6735955056179774,81_36,81_45,0.9142857142857143,0.05714285714285714,0.6568571428571427,0.8,81_36,81_26,0.6433566433566433,0.21678321678321677,0.5862937062937061,0.6426573426573426,81_87,78_91,0.9929577708244324,0.0035211266949772835,0.8214436766877771,0.9929577708244324,81_36,78_91
82,uci_wine_test/82/20251119-035050,nan,nan,0.6741573033707865,0.2696629213483146,0.6065730337078651,0.6702247191011235,82_18,78_91,0.8571428571428571,0.05714285714285714,0.6697142857142855,0.8057142857142857,82_18,82_23,0.6433566433566433,0.21678321678321677,0.5911188811188811,0.637062937062937,82_49,78_91,0.9929577708244324,0.0035211266949772835,0.8251760729774833,0.9929577708244324,82_18,78_91
83,uci_wine_test/83/20251119-035054,nan,nan,0.6966292134831461,0.2696629213483146,0.589438202247191,0.6685393258426966,83_27,83_60,0.8571428571428571,0.05714285714285714,0.6319999999999999,0.8171428571428571,83_27,82_30,0.6573426573426573,0.21678321678321677,0.5790209790209789,0.6321678321678321,83_61,83_60,0.9964788556098938,0.0035211266949772835,0.7634859302733094,0.9933098793029785,83_27,83_60
84,uci_wine_test/84/20251119-035058,nan,nan,0.6966292134831461,0.2696629213483146,0.6106741573033706,0.6741573033707865,84_25,83_60,0.9142857142857143,0.05714285714285714,0.687142857142857,0.8171428571428571,84_25,84_71,0.6573426573426573,0.21678321678321677,0.5919580419580419,0.6391608391608392,84_49,83_60,0.9964788556098938,0.0035211266949772835,0.825915506714955,0.9936619877815247,84_25,83_60
85,uci_wine_test/85/20251119-035102,nan,nan,0.6966292134831461,0.2696629213483146,0.627191011235955,0.6943820224719103,85_11,83_60,0.8571428571428571,0.05714285714285714,0.6954285714285714,0.8514285714285712,85_11,83_60,0.6573426573426573,0.3146853146853147,0.6104895104895105,0.6559440559440559,85_40,83_60,0.9964788556098938,0.0035211266949772835,0.8410211365111172,0.9961267471313476,85_11,83_60
86,uci_wine_test/86/20251119-035106,nan,nan,0.6966292134831461,0.2696629213483146,0.6159550561797754,0.6966292134831462,86_21,83_60,0.9142857142857143,0.05714285714285714,0.682,0.8571428571428571,86_21,86_55,0.6573426573426573,0.3146853146853147,0.5997902097902099,0.6573426573426573,86_25,83_60,0.9964788556098938,0.0035211266949772835,0.780598580269143,0.9964788556098938,86_21,83_60
87,uci_wine_test/87/20251119-035110,nan,nan,0.6966292134831461,0.2696629213483146,0.6355056179775282,0.6876404494382025,87_18,83_60,0.9142857142857143,0.05714285714285714,0.7194285714285715,0.8628571428571428,87_18,87_29,0.6573426573426573,0.32167832167832167,0.6149650349650351,0.6447552447552447,87_18,83_60,0.9964788556098938,0.0035211266949772835,0.8346478740777821,0.9964788556098938,87_18,83_60
88,uci_wine_test/88/20251119-035114,nan,nan,0.7752808988764045,0.2696629213483146,0.616123595505618,0.6955056179775282,88_38,88_100,0.9142857142857143,0.05714285714285714,0.6868571428571427,0.8571428571428571,88_38,87_32,0.7622377622377622,0.3146853146853147,0.5988111888111889,0.6559440559440559,88_33,88_100,0.9964788556098938,0.0035211266949772835,0.7979929451737553,0.9964788556098938,88_38,83_60
89,uci_wine_test/89/20251119-035118,nan,nan,0.6966292134831461,0.2696629213483146,0.6113483146067418,0.6780898876404495,89_15,83_60,0.9142857142857143,0.05714285714285714,0.7025714285714286,0.8685714285714285,89_15,89_22,0.6573426573426573,0.21678321678321677,0.5890209790209792,0.6314685314685315,89_36,83_60,0.9964788556098938,0.0035211266949772835,0.8064084367174655,0.9964788556098938,89_15,83_60
90,uci_wine_test/90/20251119-035122,nan,nan,0.6966292134831461,0.2696629213483146,0.6149438202247192,0.6865168539325843,90_15,83_60,0.9142857142857143,0.05714285714285714,0.7057142857142857,0.8628571428571428,90_15,89_34,0.6573426573426573,0.3146853146853147,0.5927272727272728,0.6433566433566432,90_35,83_60,0.9964788556098938,0.0035211266949772835,0.8034154789708555,0.9964788556098938,90_15,83_60
91,uci_wine_test/91/20251119-035127,nan,nan,0.6966292134831461,0.2696629213483146,0.6314606741573036,0.6870786516853933,91_47,83_60,0.9142857142857143,0.05714285714285714,0.7594285714285713,0.8628571428571428,91_47,90_24,0.6573426573426573,0.21678321678321677,0.6001398601398603,0.6440559440559441,91_48,83_60,0.9964788556098938,0.0035211266949772835,0.8711619575694204,0.9964788556098938,91_47,83_60
92,uci_wine_test/92/20251119-035131,nan,nan,0.6966292134831461,0.2696629213483146,0.5942696629213484,0.6865168539325842,92_14,83_60,0.9142857142857143,0.05714285714285714,0.6559999999999999,0.8628571428571428,92_14,91_38,0.6573426573426573,0.21678321678321677,0.5791608391608392,0.6433566433566433,92_49,83_60,0.9964788556098938,0.0035211266949772835,0.7523943544179201,0.9964788556098938,92_14,83_60
93,uci_wine_test/93/20251119-035136,nan,nan,0.6966292134831461,0.2696629213483146,0.622303370786517,0.6960674157303371,93_45,83_60,0.9142857142857143,0.05714285714285714,0.7422857142857143,0.8571428571428571,93_45,92_36,0.6573426573426573,0.21678321678321677,0.592937062937063,0.6566433566433567,93_38,83_60,0.9964788556098938,0.0035211266949772835,0.8516549151204527,0.9964788556098938,93_45,83_60
94,uci_wine_test/94/20251119-035141,nan,nan,0.6966292134831461,0.2696629213483146,0.6210674157303372,0.6955056179775281,94_80,83_60,0.9142857142857143,0.05714285714285714,0.6934285714285715,0.8571428571428571,94_80,94_16,0.6573426573426573,0.21678321678321677,0.6033566433566434,0.6559440559440559,94_42,83_60,0.9964788556098938,0.0035211266949772835,0.7991901274211705,0.9964788556098938,94_80,83_60
95,uci_wine_test/95/20251119-035145,nan,nan,0.6966292134831461,0.2696629213483146,0.6335393258426968,0.69438202247191,95_11,83_60,0.9142857142857143,0.05714285714285714,0.7297142857142859,0.8571428571428571,95_11,95_80,0.6573426573426573,0.3146853146853147,0.6100000000000001,0.6545454545454544,95_32,83_60,0.9964788556098938,0.0035211266949772835,0.8407746344339102,0.9964788556098938,95_11,83_60
96,uci_wine_test/96/20251119-035150,nan,nan,0.6966292134831461,0.2696629213483146,0.6266292134831463,0.6882022471910113,96_31,83_60,0.9142857142857143,0.05714285714285714,0.7337142857142857,0.8628571428571428,96_31,96_25,0.6573426573426573,0.21678321678321677,0.6004195804195805,0.6454545454545454,96_15,83_60,0.9964788556098938,0.0035211266949772835,0.8432394219283015,0.9964788556098938,96_31,83_60
97,uci_wine_test/97/20251119-035155,nan,nan,0.6966292134831461,0.2696629213483146,0.60123595505618,0.6870786516853933,97_36,83_60,0.9142857142857143,0.05714285714285714,0.6662857142857144,0.8628571428571428,97_36,96_25,0.6573426573426573,0.3146853146853147,0.5853146853146854,0.644055944055944,97_15,83_60,0.9964788556098938,0.0035211266949772835,0.7611619592830539,0.9964788556098938,97_36,83_60
98,uci_wine_test/98/20251119-035159,nan,nan,0.6966292134831461,0.2247191011235955,0.6165168539325844,0.6921348314606741,98_94,83_60,0.9142857142857143,0.05714285714285714,0.7277142857142858,0.8628571428571428,98_36,97_33,0.6643356643356644,0.21678321678321677,0.5893006993006993,0.6503496503496502,98_18,98_47,0.9964788556098938,0.0035211266949772835,0.8313380138017237,0.9964788556098938,98_36,83_60
99,uci_wine_test/99/20251119-035203,nan,nan,0.6966292134831461,0.2696629213483146,0.6446067415730339,0.6865168539325842,99_87,83_60,0.9142857142857143,0.05714285714285714,0.7685714285714286,0.8628571428571428,99_87,98_41,0.6573426573426573,0.32167832167832167,0.6142657342657344,0.6433566433566432,99_14,83_60,0.9964788556098938,0.0035211266949772835,0.8803873091097921,0.9964788556098938,99_87,83_60
100,uci_wine_test/100/20251119-035208,nan,nan,0.6966292134831461,0.2696629213483146,0.6273595505617979,0.6707865168539326,100_31,83_60,0.9142857142857143,0.05714285714285714,0.762,0.8742857142857142,100_31,99_30,0.6573426573426573,0.21678321678321677,0.5944055944055945,0.6209790209790208,100_42,83_60,0.9964788556098938,0.0035211266949772835,0.8715492820646614,0.9964788556098938,100_31,83_60
101,uci_wine_test/101/20251119-035212,nan,nan,0.6966292134831461,0.20786516853932585,0.5958426966292136,0.6780898876404494,101_68,83_60,0.9142857142857143,0.05714285714285714,0.6868571428571428,0.8685714285714285,101_14,100_35,0.6573426573426573,0.23776223776223776,0.5735664335664337,0.6314685314685314,101_68,83_60,0.9964788556098938,0.0035211266949772835,0.7824295637384057,0.9964788556098938,101_14,83_60
102,uci_wine_test/102/20251119-035217,nan,nan,0.6966292134831461,0.2696629213483146,0.6156179775280899,0.6870786516853934,102_15,83_60,0.9142857142857143,0.05714285714285714,0.7308571428571426,0.8628571428571428,102_15,101_37,0.6573426573426573,0.32167832167832167,0.5874125874125873,0.644055944055944,102_15,83_60,0.9964788556098938,0.0035211266949772835,0.830352099025622,0.9964788556098938,102_15,83_60
103,uci_wine_test/103/20251119-035222,nan,nan,0.6966292134831461,0.2696629213483146,0.614438202247191,0.6629213483146067,103_22,83_60,0.9142857142857143,0.05714285714285714,0.7425714285714285,0.8799999999999999,103_22,102_26,0.6573426573426573,0.21678321678321677,0.5830769230769232,0.6097902097902098,103_20,83_60,0.9964788556098938,0.0035211266949772835,0.847852099603042,0.9964788556098938,103_22,83_60
104,uci_wine_test/104/20251119-035227,nan,nan,0.6966292134831461,0.2696629213483146,0.6030337078651685,0.6876404494382022,104_26,83_60,0.9142857142857143,0.05714285714285714,0.7105714285714285,0.8628571428571428,104_26,103_38,0.6573426573426573,0.3146853146853147,0.5767132867132867,0.6447552447552447,104_17,83_60,0.9964788556098938,0.0035211266949772835,0.8053168877027929,0.9964788556098938,104_26,83_60
105,uci_wine_test/105/20251119-035231,nan,nan,0.6966292134831461,0.20786516853932585,0.6402808988764045,0.6955056179775282,105_30,83_60,0.9142857142857143,0.05714285714285714,0.7717142857142858,0.8571428571428571,105_47,104_42,0.6573426573426573,0.23776223776223776,0.6081118881118881,0.6559440559440559,105_30,83_60,0.9964788556098938,0.0035211266949772835,0.8860563233401626,0.9964788556098938,105_47,83_60
106,uci_wine_test/106/20251119-035237,nan,nan,0.6966292134831461,0.2696629213483146,0.6220224719101125,0.6943820224719102,106_17,83_60,0.9142857142857143,0.05714285714285714,0.71,0.8571428571428571,106_17,106_27,0.6573426573426573,0.21678321678321677,0.6004895104895105,0.6545454545454544,106_50,83_60,0.9964788556098938,0.0035211266949772835,0.8160915373917669,0.9964788556098938,106_17,83_60
107,uci_wine_test/107/20251119-035242,nan,nan,0.6966292134831461,0.2696629213483146,0.6243820224719102,0.6932584269662921,107_17,83_60,0.9142857142857143,0.05714285714285714,0.7117142857142857,0.8571428571428571,107_17,107_30,0.6573426573426573,0.3146853146853147,0.6030069930069931,0.653146853146853,107_96,83_60,0.9964788556098938,0.0035211266949772835,0.8214084383286536,0.9964788556098938,107_17,83_60
108,uci_wine_test/108/20251119-035247,nan,nan,0.6966292134831461,0.2696629213483146,0.620112359550562,0.6932584269662921,108_19,83_60,0.9142857142857143,0.05714285714285714,0.7371428571428571,0.8571428571428571,108_19,108_36,0.6573426573426573,0.21678321678321677,0.5914685314685315,0.653146853146853,108_52,83_60,0.9964788556098938,0.0035211266949772835,0.8463028036430478,0.9964788556098938,108_19,83_60
109,uci_wine_test/109/20251119-035251,nan,nan,0.6966292134831461,0.21910112359550563,0.6137078651685394,0.6938202247191012,109_30,83_60,0.8857142857142857,0.05714285714285714,0.6817142857142856,0.8571428571428571,109_37,109_53,0.6573426573426573,0.2517482517482518,0.5970629370629371,0.6538461538461537,109_30,83_60,0.9964788556098938,0.0035211266949772835,0.7845422399416566,0.9964788556098938,109_37,83_60
110,uci_wine_test/110/20251119-035256,nan,nan,0.6966292134831461,0.2696629213483146,0.609438202247191,0.6938202247191012,110_17,83_60,0.9142857142857143,0.05714285714285714,0.684,0.8571428571428571,110_17,110_99,0.6573426573426573,0.3146853146853147,0.5911888111888112,0.6538461538461537,110_38,83_60,0.9964788556098938,0.0035211266949772835,0.7857394244056195,0.9964788556098938,110_17,83_60
111,uci_wine_test/111/20251119-035300,nan,nan,0.6966292134831461,0.2696629213483146,0.6104494382022474,0.6943820224719102,111_14,83_60,0.8571428571428571,0.05714285714285714,0.6908571428571428,0.8571428571428571,111_14,83_60,0.6573426573426573,0.21678321678321677,0.5907692307692308,0.6545454545454544,111_60,83_60,0.9964788556098938,0.0035211266949772835,0.796373225338757,0.9964788556098938,111_14,83_60
112,uci_wine_test/112/20251119-035304,nan,nan,0.6966292134831461,0.2696629213483146,0.5926404494382024,0.6949438202247191,112_12,83_60,0.9142857142857143,0.05714285714285714,0.6508571428571426,0.8571428571428571,112_12,112_85,0.6573426573426573,0.21678321678321677,0.5783916083916085,0.6552447552447551,112_15,83_60,0.9964788556098938,0.0035211266949772835,0.7446478746272623,0.9964788556098938,112_12,83_60
113,uci_wine_test/113/20251119-035308,nan,nan,0.6966292134831461,0.2696629213483146,0.6223595505617979,0.6943820224719102,113_12,83_60,0.9142857142857143,0.05714285714285714,0.692857142857143,0.8571428571428571,113_12,113_52,0.6573426573426573,0.21678321678321677,0.6051048951048951,0.6545454545454544,113_48,83_60,0.9964788556098938,0.0035211266949772835,0.7983802677318453,0.9964788556098938,113_12,83_60
114,uci_wine_test/114/20251119-035313,nan,nan,0.6966292134831461,0.2696629213483146,0.6125842696629215,0.6932584269662921,114_18,83_60,0.9142857142857143,0.05714285714285714,0.6971428571428571,0.8571428571428571,114_18,114_67,0.6573426573426573,0.21678321678321677,0.591888111888112,0.653146853146853,114_26,83_60,0.9964788556098938,0.0035211266949772835,0.8046830846183002,0.9964788556098938,114_18,83_60
115,uci_wine_test/115/20251119-035317,nan,nan,0.6966292134831461,0.21910112359550563,0.6342696629213485,0.6870786516853934,115_11,83_60,0.9142857142857143,0.05714285714285714,0.7548571428571428,0.8628571428571428,115_71,115_25,0.6573426573426573,0.21678321678321677,0.6047552447552449,0.644055944055944,115_30,83_60,0.9964788556098938,0.0035211266949772835,0.8657394223101437,0.9964788556098938,115_71,83_60
116,uci_wine_test/116/20251119-035322,nan,nan,0.6966292134831461,0.2696629213483146,0.600561797752809,0.6786516853932586,116_12,83_60,0.9142857142857143,0.05714285714285714,0.7042857142857143,0.8685714285714285,116_12,115_29,0.6573426573426573,0.21678321678321677,0.5751748251748253,0.6321678321678321,116_63,83_60,0.9964788556098938,0.0035211266949772835,0.8039436486084014,0.9964788556098938,116_12,83_60
117,uci_wine_test/117/20251119-035327,nan,nan,0.6966292134831461,0.2696629213483146,0.6098876404494383,0.6876404494382025,117_30,83_60,0.9142857142857143,0.05714285714285714,0.7362857142857142,0.8628571428571428,117_30,116_40,0.6573426573426573,0.21678321678321677,0.578951048951049,0.6447552447552447,117_53,83_60,0.9964788556098938,0.0035211266949772835,0.8393309718929232,0.9964788556098938,117_30,83_60
118,uci_wine_test/118/20251119-035331,nan,nan,0.6966292134831461,0.2696629213483146,0.6130898876404496,0.6955056179775281,118_12,83_60,0.9142857142857143,0.05714285714285714,0.7148571428571426,0.8571428571428571,118_12,117_28,0.6573426573426573,0.21678321678321677,0.5881818181818183,0.6559440559440559,118_31,83_60,0.9964788556098938,0.0035211266949772835,0.817112663704902,0.9964788556098938,118_12,83_60
119,uci_wine_test/119/20251119-035336,nan,nan,0.6966292134831461,0.2696629213483146,0.6127528089887643,0.6870786516853933,119_24,83_60,0.9142857142857143,0.05714285714285714,0.7082857142857142,0.8628571428571428,119_24,119_21,0.6573426573426573,0.21678321678321677,0.5893706293706295,0.644055944055944,119_34,83_60,0.9964788556098938,0.0035211266949772835,0.8113732249755412,0.9964788556098938,119_24,83_60
120,uci_wine_test/120/20251119-035341,nan,nan,0.6966292134831461,0.2696629213483146,0.5703370786516855,0.6853932584269663,120_11,83_60,0.9142857142857143,0.05714285714285714,0.6377142857142857,0.8628571428571428,120_11,119_26,0.6573426573426573,0.21678321678321677,0.553846153846154,0.641958041958042,120_19,83_60,0.9964788556098938,0.0035211266949772835,0.7249999897647649,0.9964788556098938,120_11,83_60
121,uci_wine_test/121/20251119-035345,nan,nan,0.6966292134831461,0.2696629213483146,0.5853370786516855,0.6955056179775282,121_21,83_60,0.9142857142857143,0.05714285714285714,0.6902857142857144,0.8571428571428571,121_21,120_36,0.6573426573426573,0.21678321678321677,0.5596503496503497,0.6559440559440559,121_46,83_60,0.9964788556098938,0.0035211266949772835,0.7852112549822777,0.9964788556098938,121_21,83_60
122,uci_wine_test/122/20251119-035349,nan,nan,0.6966292134831461,0.2696629213483146,0.6046629213483147,0.6938202247191013,122_23,83_60,0.9142857142857143,0.05714285714285714,0.7051428571428571,0.8571428571428571,122_23,122_40,0.6573426573426573,0.21678321678321677,0.5800699300699302,0.6538461538461539,122_65,83_60,0.9964788556098938,0.0035211266949772835,0.8047535078320652,0.9964788556098938,122_23,83_60
123,uci_wine_test/123/20251119-035354,nan,nan,0.6966292134831461,0.24719101123595505,0.6216853932584271,0.6949438202247192,123_33,83_60,0.9142857142857143,0.05714285714285714,0.7188571428571429,0.8571428571428571,123_14,123_46,0.6573426573426573,0.21678321678321677,0.5979020979020979,0.6552447552447551,123_34,83_60,0.9964788556098938,0.0035211266949772835,0.8226056200545281,0.9964788556098938,123_14,83_60
124,uci_wine_test/124/20251119-035358,nan,nan,0.6966292134831461,0.2696629213483146,0.6221910112359552,0.6825842696629214,124_23,83_60,0.9142857142857143,0.05714285714285714,0.7308571428571429,0.8628571428571428,124_23,124_24,0.6573426573426573,0.21678321678321677,0.5955944055944058,0.6384615384615384,124_65,83_60,0.9964788556098938,0.0035211266949772835,0.8421830840222537,0.9964788556098938,124_23,83_60
125,uci_wine_test/125/20251119-035403,nan,nan,0.6966292134831461,0.2696629213483146,0.6106741573033709,0.6949438202247191,125_13,83_60,0.9142857142857143,0.05714285714285714,0.6977142857142857,0.8571428571428571,125_13,124_24,0.6573426573426573,0.21678321678321677,0.5893706293706295,0.6552447552447551,125_47,83_60,0.9964788556098938,0.0035211266949772835,0.8009859026968479,0.9964788556098938,125_13,83_60
126,uci_wine_test/126/20251119-035408,nan,nan,0.6966292134831461,0.2696629213483146,0.6038202247191012,0.6870786516853934,126_28,83_60,0.9142857142857143,0.05714285714285714,0.6982857142857142,0.8628571428571428,126_28,126_12,0.6573426573426573,0.21678321678321677,0.5806993006993008,0.644055944055944,126_41,83_60,0.9964788556098938,0.0035211266949772835,0.7960211127623915,0.9964788556098938,126_28,83_60
127,uci_wine_test/127/20251119-035412,nan,nan,0.6966292134831461,0.2696629213483146,0.5740449438202249,0.6859550561797754,127_16,83_60,0.9142857142857143,0.05714285714285714,0.6385714285714283,0.8628571428571428,127_16,126_27,0.6573426573426573,0.21678321678321677,0.5582517482517484,0.6426573426573425,127_32,83_60,0.9964788556098938,0.0035211266949772835,0.7327816796954721,0.9964788556098938,127_16,83_60
128,uci_wine_test/128/20251119-035417,nan,nan,0.6966292134831461,0.2696629213483146,0.5847191011235956,0.6932584269662921,128_18,83_60,0.9142857142857143,0.05714285714285714,0.68,0.8571428571428571,128_18,127_34,0.6573426573426573,0.21678321678321677,0.5613986013986014,0.653146853146853,128_17,83_60,0.9964788556098938,0.0035211266949772835,0.7751760435011238,0.9964788556098938,128_18,83_60
129,uci_wine_test/129/20251119-035422,nan,nan,0.6966292134831461,0.2696629213483146,0.5993820224719103,0.6853932584269664,129_11,83_60,0.9142857142857143,0.05714285714285714,0.674,0.8628571428571428,129_11,129_36,0.6573426573426573,0.21678321678321677,0.5811188811188812,0.641958041958042,129_13,83_60,0.9964788556098938,0.0035211266949772835,0.772852099603042,0.9964788556098938,129_11,83_60
130,uci_wine_test/130/20251119-035427,nan,nan,0.6966292134831461,0.2696629213483146,0.5866292134831461,0.6837078651685393,130_11,83_60,0.9142857142857143,0.05714285714285714,0.6485714285714285,0.8571428571428571,130_11,129_36,0.6573426573426573,0.21678321678321677,0.5714685314685314,0.6412587412587412,130_92,83_60,0.9964788556098938,0.0035211266949772835,0.7451408322621137,0.9964788556098938,130_11,83_60
131,uci_wine_test/131/20251119-035432,nan,nan,0.6966292134831461,0.2696629213483146,0.612752808988764,0.6938202247191013,131_37,83_60,0.9142857142857143,0.05714285714285714,0.7605714285714287,0.8514285714285712,131_37,130_32,0.6573426573426573,0.21678321678321677,0.5765734265734267,0.6552447552447552,131_12,83_60,0.9964788556098938,0.0035211266949772835,0.8732746346388012,0.9964788556098938,131_37,83_60
132,uci_wine_test/132/20251119-035438,nan,nan,0.6966292134831461,0.2696629213483146,0.6106179775280901,0.6691011235955058,132_19,83_60,0.9142857142857143,0.05714285714285714,0.742,0.8742857142857142,132_19,132_21,0.6573426573426573,0.21678321678321677,0.5784615384615386,0.6188811188811189,132_33,83_60,0.9964788556098938,0.0035211266949772835,0.8468661838490515,0.9964788556098938,132_19,83_60
133,uci_wine_test/133/20251119-035443,nan,nan,0.6966292134831461,0.2696629213483146,0.6026404494382023,0.6685393258426966,133_15,83_60,0.9142857142857143,0.05714285714285714,0.7674285714285713,0.8742857142857143,133_15,132_34,0.6573426573426573,0.21678321678321677,0.5623076923076924,0.6181818181818182,133_47,83_60,0.9964788556098938,0.0035211266949772835,0.8626760431937873,0.9964788556098938,133_15,83_60
134,uci_wine_test/134/20251119-035448,nan,nan,0.6966292134831461,0.25280898876404495,0.6019101123595506,0.6865168539325843,134_69,83_60,0.9142857142857143,0.02857142857142857,0.7545714285714286,0.8628571428571428,134_69,133_33,0.6573426573426573,0.21678321678321677,0.5645454545454546,0.6433566433566433,134_25,83_60,0.9964788556098938,0.0035211266949772835,0.8535915354732424,0.9964788556098938,134_18,83_60
135,uci_wine_test/135/20251119-035454,nan,nan,0.6966292134831461,0.2696629213483146,0.5792696629213484,0.6595505617977528,135_14,83_60,0.9142857142857143,0.05714285714285714,0.6854285714285715,0.8800000000000001,135_14,134_29,0.6573426573426573,0.21678321678321677,0.5532867132867133,0.6055944055944056,135_46,83_60,0.9964788556098938,0.0035211266949772835,0.7816901290230454,0.9964788556098938,135_14,83_60
136,uci_wine_test/136/20251119-035500,nan,nan,0.6966292134831461,0.2696629213483146,0.5984269662921349,0.6780898876404495,136_61,83_60,0.9142857142857143,0.05714285714285714,0.7308571428571429,0.8685714285714287,136_61,135_40,0.6573426573426573,0.21678321678321677,0.5660139860139861,0.6314685314685314,136_22,83_60,0.9964788556098938,0.0035211266949772835,0.8296478747203946,0.9964788556098938,136_61,83_60
137,uci_wine_test/137/20251119-035506,nan,nan,0.6966292134831461,0.25280898876404495,0.6098876404494383,0.6685393258426966,137_12,83_60,0.9142857142857143,0.02857142857142857,0.7328571428571429,0.8742857142857143,137_12,136_38,0.6573426573426573,0.21678321678321677,0.5797902097902099,0.6181818181818182,137_28,83_60,0.9964788556098938,0.0035211266949772835,0.8317957614827901,0.9964788556098938,137_35,83_60
138,uci_wine_test/138/20251119-035512,nan,nan,0.6966292134831461,0.2696629213483146,0.6168539325842698,0.6769662921348315,138_27,83_60,0.9142857142857143,0.05714285714285714,0.7554285714285716,0.8685714285714285,138_27,137_38,0.6573426573426573,0.21678321678321677,0.582937062937063,0.63006993006993,138_48,83_60,0.9964788556098938,0.0035211266949772835,0.8532746349368244,0.9964788556098938,138_27,83_60
139,uci_wine_test/139/20251119-035517,nan,nan,0.6966292134831461,0.2696629213483146,0.5805056179775282,0.6780898876404495,139_22,83_60,0.9142857142857143,0.05714285714285714,0.7014285714285714,0.8685714285714285,139_22,138_29,0.6573426573426573,0.21678321678321677,0.550909090909091,0.6314685314685315,139_24,83_60,0.9964788556098938,0.0035211266949772835,0.7970422412082553,0.9964788556098938,139_22,83_60
140,uci_wine_test/140/20251119-035522,nan,nan,0.6966292134831461,0.2696629213483146,0.6230337078651687,0.6865168539325844,140_42,83_60,0.9142857142857143,0.05714285714285714,0.7542857142857143,0.8628571428571428,140_57,139_34,0.6573426573426573,0.21678321678321677,0.5909090909090909,0.6433566433566433,140_32,83_60,0.9964788556098938,0.0035211266949772835,0.8602464652527124,0.9964788556098938,140_57,83_60
141,uci_wine_test/141/20251119-035528,nan,nan,0.6966292134831461,0.2696629213483146,0.6205617977528092,0.6859550561797753,141_55,83_60,0.9142857142857143,0.05714285714285714,0.736,0.8628571428571428,141_55,140_27,0.6573426573426573,0.21678321678321677,0.5923076923076924,0.6426573426573425,141_92,83_60,0.9964788556098938,0.0035211266949772835,0.8475351970270276,0.9964788556098938,141_55,83_60
142,uci_wine_test/142/20251119-035534,nan,nan,0.6966292134831461,0.2696629213483146,0.6266292134831463,0.6853932584269663,142_19,83_60,0.9142857142857143,0.05714285714285714,0.7748571428571429,0.8628571428571428,142_19,141_30,0.6573426573426573,0.21678321678321677,0.5903496503496504,0.6419580419580418,142_20,83_60,0.9964788556098938,0.0035211266949772835,0.8860915362462402,0.9964788556098938,142_19,83_60
143,uci_wine_test/143/20251119-035539,nan,nan,0.6966292134831461,0.2696629213483146,0.6172471910112362,0.6685393258426967,143_23,83_60,0.9142857142857143,0.05714285714285714,0.7762857142857144,0.8742857142857142,143_23,142_34,0.6573426573426573,0.21678321678321677,0.5783216783216785,0.6181818181818182,143_38,83_60,0.9964788556098938,0.0035211266949772835,0.8790140716545284,0.9964788556098938,143_23,83_60
144,uci_wine_test/144/20251119-035543,nan,nan,0.6966292134831461,0.2696629213483146,0.5833707865168541,0.6848314606741573,144_12,83_60,0.9142857142857143,0.05714285714285714,0.7448571428571428,0.8628571428571428,144_12,143_42,0.6573426573426573,0.21678321678321677,0.543846153846154,0.6412587412587413,144_26,83_60,0.9964788556098938,0.0035211266949772835,0.8434506908617914,0.9964788556098938,144_12,83_60
145,uci_wine_test/145/20251119-035548,nan,nan,0.6966292134831461,0.2696629213483146,0.604550561797753,0.6337078651685394,145_35,83_60,0.9142857142857143,0.05714285714285714,0.8117142857142858,0.8971428571428571,145_35,144_25,0.6713286713286714,0.21678321678321677,0.553846153846154,0.5692307692307692,145_44,145_20,0.9964788556098938,0.0035211266949772835,0.9094366050418466,0.9964788556098938,145_35,83_60
146,uci_wine_test/146/20251119-035552,nan,nan,0.6966292134831461,0.2696629213483146,0.6019101123595506,0.6589887640449439,146_16,83_60,0.9142857142857143,0.05714285714285714,0.7874285714285714,0.8800000000000001,146_16,145_34,0.6573426573426573,0.21678321678321677,0.5565034965034965,0.6048951048951048,146_12,83_60,0.9964788556098938,0.0035211266949772835,0.8837675910629332,0.9964788556098938,146_16,83_60
147,uci_wine_test/147/20251119-035557,nan,nan,0.6966292134831461,0.2696629213483146,0.5755056179775281,0.6679775280898876,147_47,83_60,0.9142857142857143,0.05714285714285714,0.7251428571428571,0.8742857142857143,147_47,146_31,0.6573426573426573,0.21678321678321677,0.538881118881119,0.6174825174825174,147_15,83_60,0.9964788556098938,0.0035211266949772835,0.8124647759273649,0.9964788556098938,147_47,83_60
148,uci_wine_test/148/20251119-035602,nan,nan,0.6966292134831461,0.2696629213483146,0.5921910112359552,0.6769662921348315,148_41,83_60,0.9142857142857143,0.05714285714285714,0.7754285714285715,0.8685714285714285,148_41,147_32,0.6573426573426573,0.21678321678321677,0.5473426573426575,0.6300699300699301,148_15,83_60,0.9964788556098938,0.0035211266949772835,0.8657394246198237,0.9964788556098938,148_41,83_60
149,uci_wine_test/149/20251119-035608,nan,nan,0.6966292134831461,0.2696629213483146,0.6357303370786518,0.6926966292134832,149_50,83_60,0.9142857142857143,0.05714285714285714,0.8308571428571428,0.8571428571428571,149_50,148_33,0.6573426573426573,0.21678321678321677,0.587972027972028,0.6524475524475524,149_37,83_60,0.9964788556098938,0.0035211266949772835,0.9416549145895988,0.9964788556098938,149_50,83_60
150,uci_wine_test/150/20251119-035615,nan,nan,0.6966292134831461,0.2696629213483146,0.63561797752809,0.6668539325842696,150_23,83_60,0.9142857142857143,0.05714285714285714,0.8194285714285715,0.8742857142857142,150_23,150_13,0.6573426573426573,0.21678321678321677,0.5906293706293707,0.616083916083916,150_27,83_60,0.9964788556098938,0.0035211266949772835,0.9318661827314645,0.9964788556098938,150_23,83_60
151,uci_wine_test/151/20251119-035622,nan,nan,0.6966292134831461,0.2696629213483146,0.606741573033708,0.6848314606741572,151_63,83_60,0.9142857142857143,0.05714285714285714,0.806,0.8628571428571428,151_63,150_30,0.6573426573426573,0.21678321678321677,0.557972027972028,0.6412587412587412,151_22,83_60,0.9964788556098938,0.0035211266949772835,0.9058802689053118,0.9964788556098938,151_63,83_60
152,uci_wine_test/152/20251119-035628,nan,nan,0.6966292134831461,0.2696629213483146,0.5970786516853933,0.6606741573033709,152_12,83_60,0.9142857142857143,0.05714285714285714,0.772,0.8799999999999999,152_12,151_27,0.6573426573426573,0.21678321678321677,0.5542657342657342,0.606993006993007,152_25,83_60,0.9964788556098938,0.0035211266949772835,0.8751760438457131,0.9964788556098938,152_12,83_60
153,uci_wine_test/153/20251119-035634,nan,nan,0.6966292134831461,0.2696629213483146,0.5901685393258428,0.6601123595505618,153_18,83_60,0.9142857142857143,0.05714285714285714,0.7662857142857143,0.8800000000000001,153_18,152_35,0.6573426573426573,0.21678321678321677,0.5470629370629372,0.6062937062937063,153_13,83_60,0.9964788556098938,0.0035211266949772835,0.8621478735283017,0.9964788556098938,153_18,83_60
154,uci_wine_test/154/20251119-035640,nan,nan,0.6966292134831461,0.2696629213483146,0.5808988764044946,0.6595505617977528,154_19,83_60,0.9142857142857143,0.05714285714285714,0.6745714285714287,0.8800000000000001,154_19,153_34,0.6573426573426573,0.32167832167832167,0.557972027972028,0.6055944055944055,154_19,83_60,0.9964788556098938,0.0035211266949772835,0.7569718183763325,0.9964788556098938,154_19,83_60
155,uci_wine_test/155/20251119-035646,nan,nan,0.6966292134831461,0.2696629213483146,0.576685393258427,0.6505617977528091,155_53,83_60,0.9142857142857143,0.05714285714285714,0.7674285714285713,0.8857142857142858,155_53,154_35,0.6573426573426573,0.21678321678321677,0.5300000000000001,0.593006993006993,155_13,83_60,0.9964788556098938,0.0035211266949772835,0.8498239311296493,0.9964788556098938,155_53,83_60
156,uci_wine_test/156/20251119-035652,nan,nan,0.6966292134831461,0.2696629213483146,0.5869101123595507,0.6674157303370787,156_19,83_60,0.9142857142857143,0.05714285714285714,0.8102857142857144,0.8742857142857142,156_19,155_41,0.6573426573426573,0.21678321678321677,0.5322377622377623,0.6167832167832168,156_16,83_60,0.9964788556098938,0.0035211266949772835,0.9033098471350968,0.9964788556098938,156_19,83_60
157,uci_wine_test/157/20251119-035658,nan,nan,0.6966292134831461,0.2696629213483146,0.5994382022471911,0.6679775280898876,157_17,83_60,0.9142857142857143,0.05714285714285714,0.7914285714285714,0.8742857142857142,157_17,156_39,0.6573426573426573,0.21678321678321677,0.5524475524475525,0.6174825174825174,157_31,83_60,0.9964788556098938,0.0035211266949772835,0.8859154794551433,0.9964788556098938,157_17,83_60
158,uci_wine_test/158/20251119-035706,nan,nan,0.6966292134831461,0.2696629213483146,0.6033146067415732,0.6674157303370787,158_92,83_60,0.9142857142857143,0.05714285714285714,0.8220000000000002,0.8742857142857142,158_92,157_28,0.6573426573426573,0.21678321678321677,0.5497902097902099,0.6167832167832167,158_34,83_60,0.9964788556098938,0.0035211266949772835,0.9198943520803005,0.9964788556098938,158_92,83_60
159,uci_wine_test/159/20251119-035716,nan,nan,0.6966292134831461,0.2696629213483146,0.5898876404494383,0.6668539325842697,159_33,83_60,0.9142857142857143,0.05714285714285714,0.7514285714285713,0.8742857142857142,159_33,158_39,0.6573426573426573,0.21678321678321677,0.5503496503496504,0.616083916083916,159_17,83_60,0.9964788556098938,0.0035211266949772835,0.8476056205667555,0.9964788556098938,159_33,83_60
160,uci_wine_test/160/20251119-035724,nan,nan,0.6966292134831461,0.2696629213483146,0.5987640449438203,0.6842696629213483,160_52,83_60,0.9142857142857143,0.05714285714285714,0.7871428571428573,0.8628571428571428,160_52,159_36,0.6573426573426573,0.21678321678321677,0.5526573426573428,0.6405594405594404,160_13,83_60,0.9964788556098938,0.0035211266949772835,0.8834506907779723,0.9964788556098938,160_52,83_60
161,uci_wine_test/161/20251119-035732,nan,nan,0.6966292134831461,0.2696629213483146,0.5982022471910113,0.6932584269662921,161_35,83_60,0.9142857142857143,0.05714285714285714,0.7862857142857144,0.8571428571428571,161_18,160_30,0.6573426573426573,0.21678321678321677,0.5521678321678322,0.6531468531468531,161_21,83_60,0.9964788556098938,0.0035211266949772835,0.8905281558725983,0.9964788556098938,161_18,83_60
162,uci_wine_test/162/20251119-035740,nan,nan,0.6966292134831461,0.2696629213483146,0.6298314606741574,0.6848314606741573,162_57,83_60,0.9142857142857143,0.05714285714285714,0.7931428571428571,0.8628571428571428,162_57,162_11,0.6573426573426573,0.21678321678321677,0.58986013986014,0.6412587412587413,162_20,83_60,0.9964788556098938,0.0035211266949772835,0.9105633659381419,0.9964788556098938,162_57,83_60
163,uci_wine_test/163/20251119-035748,nan,nan,0.6966292134831461,0.2696629213483146,0.6084831460674158,0.6859550561797754,163_35,83_60,0.9142857142857143,0.05714285714285714,0.7597142857142859,0.8628571428571428,163_35,162_30,0.6573426573426573,0.21678321678321677,0.5714685314685315,0.6426573426573425,163_13,83_60,0.9964788556098938,0.0035211266949772835,0.8620774511154741,0.9964788556098938,163_35,83_60
164,uci_wine_test/164/20251119-035755,nan,nan,0.6966292134831461,0.2696629213483146,0.6285393258426967,0.6932584269662923,164_96,83_60,0.9142857142857143,0.05714285714285714,0.7971428571428573,0.8571428571428571,164_96,163_31,0.7062937062937062,0.21678321678321677,0.5872727272727273,0.6531468531468531,164_20,164_73,0.9964788556098938,0.0035211266949772835,0.9094013931509107,0.9964788556098938,164_96,83_60
165,uci_wine_test/165/20251119-035803,nan,nan,0.6966292134831461,0.2696629213483146,0.6161797752808988,0.6758426966292135,165_15,83_60,0.9142857142857143,0.05714285714285714,0.7822857142857145,0.8685714285714287,165_15,165_11,0.6573426573426573,0.21678321678321677,0.5755244755244755,0.6286713286713287,165_68,83_60,0.9964788556098938,0.0035211266949772835,0.8910915353521704,0.9964788556098938,165_15,83_60
166,uci_wine_test/166/20251119-035811,nan,nan,0.6966292134831461,0.2696629213483146,0.5981460674157303,0.6679775280898876,166_18,83_60,0.9142857142857143,0.05714285714285714,0.7425714285714287,0.8742857142857143,166_18,165_37,0.6573426573426573,0.21678321678321677,0.5627972027972028,0.6174825174825174,166_36,83_60,0.9964788556098938,0.0035211266949772835,0.8442605509608984,0.9964788556098938,166_18,83_60
167,uci_wine_test/167/20251119-035818,nan,nan,0.6966292134831461,0.2696629213483146,0.6120786516853934,0.6758426966292135,167_18,83_60,0.9142857142857143,0.05714285714285714,0.8160000000000003,0.8685714285714285,167_18,166_31,0.6573426573426573,0.21678321678321677,0.5621678321678323,0.6286713286713286,167_43,83_60,0.9964788556098938,0.0035211266949772835,0.9183802680112422,0.9964788556098938,167_18,83_60
168,uci_wine_test/168/20251119-035824,nan,nan,0.6966292134831461,0.2696629213483146,0.6046067415730337,0.6758426966292135,168_85,83_60,0.9142857142857143,0.05714285714285714,0.7965714285714285,0.8685714285714285,168_85,167_31,0.6573426573426573,0.21678321678321677,0.5576223776223777,0.6286713286713287,168_31,83_60,0.9964788556098938,0.0035211266949772835,0.8959859007317573,0.9964788556098938,168_85,83_60
169,uci_wine_test/169/20251119-035830,nan,nan,0.6966292134831461,0.2696629213483146,0.6062359550561798,0.6842696629213483,169_45,83_60,0.9142857142857143,0.05714285714285714,0.7882857142857143,0.8628571428571428,169_45,168_37,0.6573426573426573,0.21678321678321677,0.5616783216783218,0.6405594405594404,169_14,83_60,0.9964788556098938,0.0035211266949772835,0.8885563238430768,0.9964788556098938,169_45,83_60
170,uci_wine_test/170/20251119-035837,nan,nan,0.6966292134831461,0.2696629213483146,0.5987640449438204,0.6679775280898876,170_23,83_60,0.9142857142857143,0.05714285714285714,0.7751428571428572,0.8742857142857142,170_23,169_27,0.6573426573426573,0.21678321678321677,0.5555944055944056,0.6174825174825174,170_16,83_60,0.9964788556098938,0.0035211266949772835,0.8742253383155912,0.9964788556098938,170_23,83_60
171,uci_wine_test/171/20251119-035844,nan,nan,0.6966292134831461,0.2696629213483146,0.5958988764044945,0.6831460674157304,171_31,83_60,0.9142857142857143,0.05714285714285714,0.7502857142857142,0.8628571428571428,171_31,170_36,0.6573426573426573,0.21678321678321677,0.5581118881118882,0.6391608391608391,171_12,83_60,0.9964788556098938,0.0035211266949772835,0.8507042112573981,0.9964788556098938,171_31,83_60
172,uci_wine_test/172/20251119-035850,nan,nan,0.6966292134831461,0.2696629213483146,0.6175842696629212,0.6825842696629213,172_78,83_60,0.9142857142857143,0.05714285714285714,0.8005714285714285,0.8628571428571428,172_78,171_30,0.6573426573426573,0.21678321678321677,0.5727972027972027,0.6384615384615383,172_22,83_60,0.9964788556098938,0.0035211266949772835,0.9053168870974332,0.9964788556098938,172_78,83_60
173,uci_wine_test/173/20251119-035856,nan,nan,0.6966292134831461,0.2696629213483146,0.6092696629213483,0.6735955056179775,173_81,83_60,0.9142857142857143,0.05714285714285714,0.7942857142857143,0.8685714285714285,173_81,172_29,0.6573426573426573,0.21678321678321677,0.5639860139860139,0.6258741258741258,173_23,83_60,0.9964788556098938,0.0035211266949772835,0.9028521004039795,0.9964788556098938,173_81,83_60
174,uci_wine_test/174/20251119-035903,nan,nan,0.6966292134831461,0.2696629213483146,0.6038764044943821,0.6825842696629213,174_51,83_60,0.9142857142857143,0.05714285714285714,0.8074285714285715,0.8628571428571428,174_51,173_42,0.6573426573426573,0.21678321678321677,0.554055944055944,0.6384615384615383,174_17,83_60,0.9964788556098938,0.0035211266949772835,0.9117253378406167,0.9964788556098938,174_51,83_60
175,uci_wine_test/175/20251119-035910,nan,nan,0.6966292134831461,0.33146067415730335,0.5997191011235955,0.6657303370786517,175_12,83_60,0.9142857142857143,0.14285714285714285,0.8448571428571428,0.8742857142857143,175_61,174_29,0.6573426573426573,0.21678321678321677,0.5397202797202798,0.6146853146853146,175_12,83_60,0.9964788556098938,0.10211267322301865,0.9535915371030569,0.9964788556098938,175_61,83_60
176,uci_wine_test/176/20251119-035917,nan,nan,0.6966292134831461,0.3202247191011236,0.6223033707865169,0.6730337078651686,176_91,83_60,0.9142857142857143,0.2571428571428571,0.8574285714285714,0.8685714285714285,176_91,175_37,0.6573426573426573,0.21678321678321677,0.5647552447552447,0.6251748251748251,176_27,83_60,0.9964788556098938,0.30281689763069153,0.9678168877959251,0.9964788556098938,176_91,83_60
177,uci_wine_test/177/20251119-035923,nan,nan,0.6966292134831461,0.2696629213483146,0.6150000000000001,0.6735955056179775,177_38,83_60,0.9142857142857143,0.05714285714285714,0.8400000000000002,0.8685714285714285,177_38,176_33,0.6573426573426573,0.21678321678321677,0.55993006993007,0.6258741258741258,177_24,83_60,0.9964788556098938,0.0035211266949772835,0.945669001461938,0.9964788556098938,177_38,83_60
178,uci_wine_test/178/20251119-035928,nan,nan,0.6966292134831461,0.33146067415730335,0.6178651685393259,0.6707865168539325,178_14,83_60,0.9142857142857143,0.11428571428571428,0.8271428571428571,0.8742857142857142,178_92,177_26,0.6573426573426573,0.21678321678321677,0.5666433566433566,0.6209790209790209,178_14,83_60,0.9964788556098938,0.10211267322301865,0.9326056214421987,0.9964788556098938,178_70,83_60
179,uci_wine_test/179/20251119-035934,nan,nan,0.6966292134831461,0.2696629213483146,0.6137640449438202,0.6825842696629213,179_24,83_60,0.9142857142857143,0.05714285714285714,0.8362857142857142,0.8628571428571428,179_24,178_40,0.6573426573426573,0.21678321678321677,0.5593006993006993,0.6384615384615383,179_18,83_60,0.9964788556098938,0.0035211266949772835,0.9411267468053848,0.9964788556098938,179_24,83_60
180,uci_wine_test/180/20251119-035939,nan,nan,0.6966292134831461,0.2808988764044944,0.6284269662921349,0.6792134831460674,180_43,83_60,0.9142857142857143,0.05714285714285714,0.8134285714285714,0.8685714285714287,180_70,179_32,0.6573426573426573,0.21678321678321677,0.5831468531468531,0.6328671328671328,180_18,83_60,0.9964788556098938,0.0035211266949772835,0.9203168883640319,0.9964788556098938,180_70,83_60
181,uci_wine_test/181/20251119-035943,nan,nan,0.6966292134831461,0.2696629213483146,0.610561797752809,0.6831460674157304,181_67,83_60,0.9142857142857143,0.05714285714285714,0.816857142857143,0.8628571428571428,181_67,180_36,0.6573426573426573,0.21678321678321677,0.5600699300699301,0.6391608391608391,181_39,83_60,0.9964788556098938,0.0035211266949772835,0.9267957614827901,0.9964788556098938,181_67,83_60
182,uci_wine_test/182/20251119-035948,nan,nan,0.6966292134831461,0.2696629213483146,0.6055056179775281,0.6820224719101123,182_82,83_60,0.9142857142857143,0.05714285714285714,0.7842857142857143,0.8628571428571428,182_82,181_29,0.6573426573426573,0.21678321678321677,0.5617482517482518,0.6377622377622376,182_20,83_60,0.9964788556098938,0.0035211266949772835,0.8890492836106568,0.9964788556098938,182_82,83_60
183,uci_wine_test/183/20251119-035953,nan,nan,0.6966292134831461,0.2696629213483146,0.6076966292134832,0.6831460674157304,183_51,83_60,0.9142857142857143,0.05714285714285714,0.798857142857143,0.8628571428571428,183_51,182_31,0.6573426573426573,0.21678321678321677,0.5609090909090909,0.6391608391608392,183_13,83_60,0.9964788556098938,0.0035211266949772835,0.9048943548835814,0.9964788556098938,183_51,83_60
184,uci_wine_test/184/20251119-035958,nan,nan,0.6966292134831461,0.2696629213483146,0.6195505617977529,0.6820224719101124,184_31,83_60,0.9142857142857143,0.05714285714285714,0.76,0.8628571428571428,184_31,183_38,0.6643356643356644,0.21678321678321677,0.5851748251748252,0.6377622377622376,184_12,184_55,0.9964788556098938,0.0035211266949772835,0.8698943517450243,0.9964788556098938,184_31,83_60
185,uci_wine_test/185/20251119-040004,nan,nan,0.6966292134831461,0.2696629213483146,0.6198314606741574,0.6707865168539325,185_45,83_60,0.9142857142857143,0.05714285714285714,0.8277142857142856,0.8742857142857143,185_45,184_35,0.6573426573426573,0.21678321678321677,0.568951048951049,0.6209790209790209,185_14,83_60,0.9964788556098938,0.0035211266949772835,0.9403168871719391,0.9964788556098938,185_45,83_60
186,uci_wine_test/186/20251119-040010,nan,nan,0.6966292134831461,0.2696629213483146,0.6207865168539327,0.6792134831460673,186_54,83_60,0.9142857142857143,0.05714285714285714,0.8291428571428571,0.8685714285714285,186_54,185_36,0.6573426573426573,0.21678321678321677,0.5697902097902098,0.6328671328671327,186_14,83_60,0.9964788556098938,0.0035211266949772835,0.9397887173015624,0.9964788556098938,186_54,83_60
187,uci_wine_test/187/20251119-040016,nan,nan,0.6966292134831461,0.2696629213483146,0.6426966292134833,0.6825842696629213,187_83,83_60,0.9142857142857143,0.05714285714285714,0.8108571428571427,0.8628571428571428,187_42,186_29,0.6573426573426573,0.21678321678321677,0.6015384615384616,0.6384615384615383,187_13,83_60,0.9964788556098938,0.0035211266949772835,0.9324647738970816,0.9964788556098938,187_42,83_60
188,uci_wine_test/188/20251119-040022,nan,nan,0.6966292134831461,0.2696629213483146,0.6038202247191012,0.6752808988764045,188_54,83_60,0.9142857142857143,0.05714285714285714,0.7765714285714286,0.8685714285714285,188_54,186_24,0.6573426573426573,0.21678321678321677,0.5615384615384617,0.627972027972028,188_16,83_60,0.9964788556098938,0.0035211266949772835,0.8791197042353451,0.9964788556098938,188_54,83_60
189,uci_wine_test/189/20251119-040027,nan,nan,0.6966292134831461,0.2696629213483146,0.5961797752808988,0.6758426966292136,189_81,83_60,0.9142857142857143,0.05714285714285714,0.7802857142857142,0.8685714285714285,189_81,188_34,0.6573426573426573,0.21678321678321677,0.5511188811188811,0.6286713286713287,189_12,83_60,0.9964788556098938,0.0035211266949772835,0.874542241031304,0.9964788556098938,189_81,83_60
190,uci_wine_test/190/20251119-040032,nan,nan,0.6966292134831461,0.2696629213483146,0.6164044943820226,0.6752808988764045,190_60,83_60,0.9142857142857143,0.05714285714285714,0.7805714285714287,0.8685714285714287,190_60,189_41,0.6573426573426573,0.21678321678321677,0.5762237762237762,0.6279720279720279,190_20,83_60,0.9964788556098938,0.0035211266949772835,0.8847535085771233,0.9964788556098938,190_60,83_60
191,uci_wine_test/191/20251119-040038,nan,nan,0.6966292134831461,0.2696629213483146,0.6334269662921349,0.6747191011235956,191_70,83_60,0.9142857142857143,0.05714285714285714,0.8240000000000001,0.8628571428571428,191_70,190_35,0.6573426573426573,0.21678321678321677,0.5867832167832169,0.6286713286713285,191_27,83_60,0.9964788556098938,0.0035211266949772835,0.9374999843444676,0.9964788556098938,191_70,83_60
192,uci_wine_test/192/20251119-040043,nan,nan,0.6966292134831461,0.2640449438202247,0.5878651685393259,0.6842696629213484,192_83,83_60,0.9142857142857143,0.05714285714285714,0.7534285714285714,0.8628571428571428,192_36,191_26,0.6573426573426573,0.21678321678321677,0.5473426573426574,0.6405594405594405,192_15,83_60,0.9964788556098938,0.0035211266949772835,0.851866184482351,0.9964788556098938,192_36,83_60
193,uci_wine_test/193/20251119-040048,nan,nan,0.6966292134831461,0.2696629213483146,0.6082022471910112,0.6584269662921349,193_28,83_60,0.9142857142857143,0.05714285714285714,0.7957142857142858,0.8800000000000001,193_28,192_27,0.6573426573426573,0.21678321678321677,0.5623076923076923,0.6041958041958042,193_15,83_60,0.9964788556098938,0.0035211266949772835,0.9009506912715733,0.9964788556098938,193_28,83_60
194,uci_wine_test/194/20251119-040053,nan,nan,0.6966292134831461,0.2696629213483146,0.5997191011235956,0.6747191011235956,194_76,83_60,0.9142857142857143,0.05714285714285714,0.8245714285714284,0.8685714285714285,194_76,193_37,0.6573426573426573,0.21678321678321677,0.5446853146853148,0.6272727272727272,194_12,83_60,0.9964788556098938,0.0035211266949772835,0.9237675922829658,0.9964788556098938,194_76,83_60
195,uci_wine_test/195/20251119-040059,nan,nan,0.6966292134831461,0.2696629213483146,0.6258426966292135,0.6578651685393259,195_47,83_60,0.9142857142857143,0.05714285714285714,0.8242857142857143,0.8800000000000001,195_47,194_34,0.6573426573426573,0.21678321678321677,0.5772727272727274,0.6034965034965035,195_24,83_60,0.9964788556098938,0.0035211266949772835,0.9310563228465617,0.9964788556098938,195_47,83_60
196,uci_wine_test/196/20251119-040105,nan,nan,0.7191011235955056,0.2696629213483146,0.6150000000000002,0.6696629213483146,196_58,196_30,0.9142857142857143,0.05714285714285714,0.8028571428571429,0.8742857142857142,196_22,195_34,0.6853146853146853,0.21678321678321677,0.5690209790209791,0.6195804195804195,196_39,196_30,0.9964788556098938,0.0035211266949772835,0.9049647740926594,0.9964788556098938,196_22,83_60
197,uci_wine_test/197/20251119-040110,nan,nan,0.7191011235955056,0.2696629213483146,0.6137078651685395,0.6814606741573034,197_24,196_30,0.9142857142857143,0.05714285714285714,0.7560000000000001,0.8685714285714285,197_24,195_26,0.6853146853146853,0.21678321678321677,0.5788811188811189,0.6356643356643356,197_35,196_30,0.9964788556098938,0.0035211266949772835,0.8594013938494026,0.9964788556098938,197_24,83_60
198,uci_wine_test/198/20251119-040115,nan,nan,0.7191011235955056,0.2696629213483146,0.6146629213483148,0.6707865168539326,198_12,197_37,0.9142857142857143,0.05714285714285714,0.7642857142857145,0.8742857142857142,198_12,197_31,0.6853146853146853,0.21678321678321677,0.5780419580419581,0.620979020979021,198_13,197_37,0.9964788556098938,0.0035211266949772835,0.8755985777452588,0.9964788556098938,198_12,83_60
199,uci_wine_test/199/20251119-040120,nan,nan,0.7191011235955056,0.2696629213483146,0.5899438202247191,0.6865168539325844,199_48,198_28,0.9142857142857143,0.05714285714285714,0.6994285714285714,0.8628571428571428,199_48,198_39,0.6853146853146853,0.21678321678321677,0.5631468531468532,0.6433566433566433,199_17,198_28,0.9964788556098938,0.0035211266949772835,0.795176043715328,0.9964788556098938,199_48,83_60
200,uci_wine_test/200/20251119-040124,nan,nan,0.7191011235955056,0.2696629213483146,0.6103932584269665,0.6792134831460676,200_36,200_23,0.9142857142857143,0.05714285714285714,0.7228571428571429,0.8685714285714285,200_36,199_39,0.6853146853146853,0.21678321678321677,0.582867132867133,0.6328671328671328,200_56,200_23,0.9964788556098938,0.0035211266949772835,0.8186267476156354,0.9964788556098938,200_36,83_60
